id,created_at,prenda_id,username
1,2026-08-31 20:26:33.858713+00,228809179,Rebeca
2,2026-08-31 20:28:08.258801+00,227043412,lucia
3,2026-08-31 20:31:13.274886+00,229722992,Rebeca
4,2026-08-31 20:31:39.844418+00,229089097,Rebeca
5,2026-08-31 20:34:21.891866+00,236554656,Rebeca
6,2026-08-31 20:35:22.209881+00,226926760,Rebeca
7,2026-08-31 20:36:36.60868+00,229710777,lucia
8,2026-08-31 20:37:01.215201+00,226931271,lucia
10,2026-08-31 20:38:01.547989+00,226931327,Rebeca
11,2026-08-31 20:38:31.654054+00,231378808,Rebeca
12,2026-08-31 20:38:43.886351+00,226926736,Rebeca
13,2026-08-31 20:38:55.899094+00,230141753,Rebeca
14,2026-08-31 20:39:18.431028+00,232227705,Aurora
15,2026-08-31 20:41:22.64711+00,226926608,lucia
16,2026-08-31 20:43:07.06005+00,226931318,lucia
17,2026-08-31 21:04:35.362193+00,37061427,marmendo
18,2026-08-31 21:04:55.513017+00,37061427,marmendo
19,2026-08-31 21:06:38.058201+00,240127979,marmendo
20,2026-09-01 06:14:43.456654+00,498385637,Marta
21,2026-09-01 06:15:22.591447+00,234325179,Marta
22,2026-09-01 06:15:30.228931+00,226927385,Marta
23,2026-09-01 06:24:59.146356+00,240128051,Marta
24,2026-09-01 07:47:56.525371+00,236554075,isa
25,2026-09-01 07:48:23.868556+00,226926678,isa
26,2026-09-01 07:49:10.270654+00,230329901,isa
27,2026-09-01 13:33:17.147712+00,238451216,Marmendo
28,2026-09-01 13:33:26.631558+00,27074774,Marmendo
29,2026-09-01 13:33:38.568374+00,226931355,Marmendo
30,2026-09-01 13:33:43.121681+00,506006596,Marmendo
31,2026-09-01 13:33:52.112428+00,37011336,Marmendo
32,2026-09-01 13:35:28.608778+00,229350173,lucia
33,2026-09-01 13:38:04.893869+00,229730088,lucia
34,2026-09-01 13:38:14.944362+00,226927302,lucia
35,2026-09-01 14:19:09.86338+00,226931319,Maribel
36,2026-09-01 17:53:03.474927+00,226931491,Lola
37,2026-09-01 17:53:40.810588+00,238348326,Lola
38,2026-09-01 17:53:59.301916+00,226927370,Lola
39,2026-09-01 17:54:11.997386+00,240128430,Lola
40,2026-09-01 17:54:14.99259+00,230064959,Lola
41,2026-09-01 17:57:58.926988+00,228467657,Lola
42,2026-09-01 17:59:29.144649+00,231042272,Lola
43,2026-09-01 18:00:11.159401+00,231041520,Lola
44,2026-09-01 18:03:31.388558+00,226931445,Lola
45,2026-09-01 18:03:36.261383+00,226931373,Lola
46,2026-09-01 18:04:21.0695+00,231065705,Lola
47,2026-09-01 18:05:00.329256+00,226931326,Lola
48,2026-09-01 18:45:38.120258+00,226931272,lucia
49,2026-09-01 18:46:39.641939+00,226931253,lucia
50,2026-09-01 18:47:21.071733+00,230064473,lucia
51,2026-09-01 18:49:06.372223+00,229737395,lucia
52,2026-09-01 18:50:32.919812+00,226931387,lucia
53,2026-09-01 18:52:57.917079+00,235545587,lucia
54,2026-09-01 18:53:03.197794+00,226931788,lucia
55,2026-09-01 19:00:40.98223+00,229730034,Rebeca
56,2026-09-01 19:02:40.530677+00,226926726,Rebeca
57,2026-09-01 19:07:12.192573+00,232227640,Rebeca
58,2026-09-01 19:08:55.728808+00,234583828,Rebeca
59,2026-09-01 19:55:54.610865+00,226927206,Aurora
60,2026-09-01 19:58:13.762907+00,236554076,Maite
61,2026-09-01 20:00:34.076232+00,233408515,Aurora
62,2026-09-01 20:00:41.624048+00,230064974,Maite
63,2026-09-01 20:00:55.152828+00,229730155,Aurora
64,2026-09-01 20:01:51.4498+00,238451215,Aurora
65,2026-09-01 20:03:11.667104+00,226927081,Aurora
66,2026-09-01 20:05:00.760597+00,226926776,Aurora
67,2026-09-01 20:40:17.835253+00,226926691,Maite
68,2026-09-01 22:09:44.983184+00,232637541,Luna
69,2026-09-01 22:10:05.216068+00,229016049,Luna
70,2026-09-01 22:10:38.27381+00,226931772,Luna
71,2026-09-01 22:10:49.164826+00,230141747,Luna
72,2026-09-01 22:11:12.495784+00,229730087,Luna
73,2026-09-01 22:11:59.221447+00,226926684,Luna
74,2026-09-01 22:12:59.833701+00,229730079,Luna
75,2026-09-02 01:52:28.405222+00,230329440,Helen
76,2026-09-02 01:54:02.845468+00,238450887,Helen
77,2026-09-02 06:13:21.661308+00,228809180,Marya
78,2026-09-02 06:13:39.269812+00,226927279,Marya
79,2026-09-02 06:16:37.901618+00,231799618,Marya
80,2026-09-02 06:18:51.557691+00,227741828,Marya
81,2026-09-02 07:59:16.354153+00,230064955,MZV
82,2026-09-02 08:07:00.195089+00,226926989,MZV
83,2026-09-02 08:07:59.288182+00,226931819,MZV
84,2026-09-02 08:09:42.319417+00,230065001,MZV
85,2026-09-02 08:11:18.266493+00,236554153,MZV
86,2026-09-02 08:35:09.855652+00,226926821,Marya
87,2026-09-02 08:35:18.08081+00,227371407,Marya
88,2026-09-02 08:38:36.179174+00,226926775,Marya
89,2026-09-02 08:38:38.777826+00,228309031,Marya
90,2026-09-02 08:38:49.790077+00,228633810,Marya
91,2026-09-02 08:39:53.447001+00,233632269,Marya
92,2026-09-02 09:03:40.388089+00,229730042,Marta
93,2026-09-02 09:05:03.227485+00,226931568,Marta
94,2026-09-02 09:34:16.565413+00,226926757,Clo
95,2026-09-02 09:35:28.499631+00,229723017,Clo
96,2026-09-02 09:38:34.328705+00,238451150,Clo
97,2026-09-02 09:39:21.112471+00,231948403,Clo
98,2026-09-02 09:39:27.341989+00,229465995,Clo
99,2026-09-02 09:39:56.179533+00,227229910,Clo
100,2026-09-02 09:44:34.982081+00,226931807,Clo
101,2026-09-02 10:50:50.154412+00,232227678,Lau
102,2026-09-02 10:53:46.236907+00,231799615,Lau
103,2026-09-02 10:57:53.464805+00,226931421,Lau
104,2026-09-02 11:00:51.596529+00,238298525,Lau
105,2026-09-02 11:02:55.822945+00,226967304,Lau
106,2026-09-02 11:05:57.475736+00,238298526,Lau
107,2026-09-02 11:06:45.454123+00,226926828,Lau
108,2026-09-02 12:14:43.581471+00,226927314,Ale
109,2026-09-02 12:15:18.599335+00,226931813,Ale
110,2026-09-02 12:18:17.056135+00,226931298,Ale
111,2026-09-02 12:19:37.955726+00,231041945,Ale
112,2026-09-02 12:25:09.289977+00,238348325,Ale
113,2026-09-02 12:38:39.320557+00,227962137,Lucipobu
114,2026-09-02 12:39:24.315153+00,229730032,Lucipobu
115,2026-09-02 12:41:21.876963+00,227381988,Lucipobu
116,2026-09-02 12:41:48.440204+00,226927317,Lucipobu
117,2026-09-02 13:00:30.151949+00,230330505,Lucipobu
118,2026-09-02 13:14:01.908708+00,227741829,Lucía
119,2026-09-02 13:52:59.297067+00,229736929,Álvaro
120,2026-09-02 14:04:15.789174+00,230064827,Paula
121,2026-09-02 14:06:42.544378+00,233626671,Paula
122,2026-09-02 14:47:15.110586+00,226931584,Lucipobu
123,2026-09-02 14:51:51.718722+00,226931389,Lucipobu
124,2026-09-02 14:55:45.122089+00,227962166,Lucipobu
125,2026-09-02 14:56:33.910484+00,229722989,Ale
126,2026-09-02 14:57:05.641608+00,231815571,Lucipobu
127,2026-09-02 14:57:50.459477+00,235339727,Lucipobu
128,2026-09-02 14:58:01.279081+00,238451454,Lucipobu
129,2026-09-02 14:58:04.921339+00,226926859,Ale
130,2026-09-02 14:58:37.911055+00,229089069,Lucipobu
131,2026-09-02 15:01:40.382995+00,230270441,Ale
132,2026-09-02 15:05:04.405332+00,226931603,Ale
133,2026-09-02 15:51:22.575583+00,503340794,marmendo
134,2026-09-02 15:52:44.421813+00,231041382,marmendo
135,2026-09-02 15:52:52.205814+00,556003009,marmendo
136,2026-09-02 15:59:03.837977+00,226926688,marmendo
137,2026-09-02 15:59:33.206794+00,229736930,Flor de campo
138,2026-09-02 15:59:56.004689+00,229730119,Flor de campo
139,2026-09-02 16:03:12.932176+00,226931823,Flor de campo
140,2026-09-02 16:04:21.017199+00,227850032,Flor de campo
141,2026-09-02 16:44:21.686171+00,226926593,Lucipobu
142,2026-09-02 17:03:54.953061+00,229730478,Yolanda
143,2026-09-02 19:30:07.574589+00,226931692,Rebeca
144,2026-09-02 19:42:08.969698+00,226927090,Rebeca
145,2026-09-02 19:44:56.277053+00,234325274,Rebeca
146,2026-09-02 19:46:49.171636+00,238451697,Rebeca
147,2026-09-02 19:47:55.024419+00,226926774,Rebeca
148,2026-09-02 20:45:42.776291+00,229499432,Irene
149,2026-09-02 20:50:00.386232+00,236213425,Irene
150,2026-09-02 20:50:16.267409+00,226927119,Irene
151,2026-09-02 20:51:18.448376+00,227850029,Irene
152,2026-09-03 07:47:33.206026+00,231948402,MZV
153,2026-09-03 09:42:29.865702+00,229730477,Marta
154,2026-09-03 09:43:10.915391+00,236213426,Marta
155,2026-09-03 09:43:31.7578+00,226927387,Marta
156,2026-09-03 10:11:00.882812+00,226931244,Marta
157,2026-09-03 10:11:03.794523+00,226926710,Marta
158,2026-09-03 15:26:43.593308+00,228237709,Yolanda
159,2026-09-03 15:29:46.203405+00,228633800,Yolanda
160,2026-09-03 15:32:03.994227+00,230141757,Yolanda
161,2026-09-04 10:09:32.158845+00,233903165,Loli
162,2026-09-04 10:54:00.407013+00,226931538,Lu2
163,2026-09-04 11:03:40.137461+00,229730529,Alba Bermejo
164,2026-09-04 11:03:44.580482+00,229730172,Alba Bermejo
165,2026-09-04 11:08:59.270361+00,226927115,Alba Bermejo
166,2026-09-04 11:09:07.830725+00,232637585,Alba Bermejo
167,2026-09-04 11:12:24.529008+00,226927291,Alba Bermejo
168,2026-09-04 11:14:07.124282+00,229723059,Alba Bermejo
169,2026-09-04 11:14:12.980825+00,230329581,Alba Bermejo
170,2026-09-04 11:16:02.362454+00,226927278,Loli
171,2026-09-04 11:18:20.165706+00,226931347,Loli
172,2026-09-04 11:18:27.009254+00,226926826,Loli
173,2026-09-04 11:19:57.33707+00,229730003,Alba Bermejo
174,2026-09-04 11:20:12.6156+00,229723197,Alba Bermejo
175,2026-09-04 11:20:15.612665+00,229730485,Alba Bermejo
176,2026-09-04 11:20:28.815175+00,228633816,Alba Bermejo
177,2026-09-04 11:20:32.42199+00,229722983,Alba Bermejo
178,2026-09-04 11:20:57.463278+00,229730527,Alba Bermejo
179,2026-09-04 11:21:01.204719+00,227229885,Alba Bermejo
180,2026-09-04 11:21:36.1248+00,226931771,Alba Bermejo
181,2026-09-04 11:22:14.080674+00,229736885,Alba Bermejo
182,2026-09-04 11:22:26.998355+00,229730001,Alba Bermejo
183,2026-09-04 11:22:34.749483+00,226931376,Alba Bermejo
184,2026-09-04 11:23:23.620857+00,230420708,Alba Bermejo
185,2026-09-04 11:23:36.329534+00,230593166,Alba Bermejo
186,2026-09-04 11:23:57.932954+00,231378826,Alba Bermejo
187,2026-09-04 11:24:05.292965+00,226931348,Alba Bermejo
188,2026-09-04 11:24:19.743798+00,226927295,Alba Bermejo
189,2026-09-04 12:39:08.996415+00,227229915,Lu2
190,2026-09-04 12:41:55.997568+00,226926983,Lu2
191,2026-09-04 12:42:19.408383+00,226931394,Lu2
192,2026-09-04 12:44:12.127505+00,226931792,Lu2
193,2026-09-04 15:34:53.40913+00,226927238,Mendozis
194,2026-09-04 15:35:22.48429+00,507295948,Mendozis
195,2026-09-04 15:36:37.177665+00,231041762,Marya returns
196,2026-09-04 15:36:45.466818+00,229730031,Marya returns
197,2026-09-04 15:37:16.876878+00,226927270,Marya returns
198,2026-09-04 15:38:36.718892+00,228555739,Marya returns
199,2026-09-04 15:39:41.797886+00,226927045,Mendozis
200,2026-09-04 15:45:07.477044+00,230006364,Mendozis
201,2026-09-04 15:47:36.254658+00,229730496,Mendozis
202,2026-09-04 15:50:31.084888+00,229730471,Mendozis
203,2026-09-04 15:51:06.565781+00,229730178,Mendozis
204,2026-09-04 15:51:43.803742+00,227222218,Mendozis
205,2026-09-04 15:52:46.718315+00,230270417,Mendozis
206,2026-09-04 15:53:00.237098+00,227421718,Mendozis
207,2026-09-04 15:53:12.30345+00,227421717,Mendozis
208,2026-09-04 15:53:15.615152+00,227531256,Mendozis
209,2026-09-04 15:53:24.178279+00,229723147,Mendozis
210,2026-09-04 15:53:27.840663+00,235339621,Mendozis
211,2026-09-04 15:53:56.455913+00,232765273,Mendozis
212,2026-09-04 15:54:24.776372+00,234325191,Mendozis
213,2026-09-04 15:54:35.22013+00,230328676,Mendozis
214,2026-09-04 15:55:05.507483+00,229730135,Mendozis
215,2026-09-04 15:55:15.54341+00,226931667,Mendozis
216,2026-09-04 15:57:37.445432+00,228633818,Mendozis
217,2026-09-04 17:04:42.345495+00,226931517,Yolanda
218,2026-09-04 17:09:01.408511+00,226927093,Yolanda
219,2026-09-04 20:04:29.314863+00,229730074,NewNotDumb#EUW
220,2026-09-04 20:05:40.270628+00,229730018,NewNotDumb#EUW
221,2026-09-04 20:07:44.691015+00,230006389,NewNotDumb#EUW
222,2026-09-04 21:22:00.811564+00,226931773,Marya_returns
223,2026-09-04 21:25:03.742401+00,226926941,Marya_returns
224,2026-09-04 21:32:45.652147+00,230270427,Marya_returns
225,2026-09-04 21:33:01.458971+00,229736960,Marya_returns
226,2026-09-04 21:34:25.397178+00,226931425,Marya_returns
227,2026-09-04 21:35:47.419249+00,226933487,Marya_returns
228,2026-09-04 21:35:50.186639+00,226931312,Marya_returns
229,2026-09-04 21:36:15.448943+00,231065706,Marya_returns
230,2026-09-04 21:36:36.877514+00,226927144,Marya_returns
231,2026-09-04 21:36:53.919385+00,228633817,Marya_returns
232,2026-09-04 21:36:56.537325+00,230471635,Marya_returns
233,2026-09-04 21:43:39.492595+00,1350835002,Marya_returns
234,2026-09-04 23:30:43.541749+00,226927249,Martina
235,2026-09-04 23:31:19.609036+00,238298523,Martina
236,2026-09-04 23:32:47.350438+00,226931578,Martina
237,2026-09-04 23:35:31.749368+00,226927358,Martina
238,2026-09-04 23:36:55.101091+00,238450974,Martina
239,2026-09-04 23:41:05.357054+00,226926854,Martina
240,2026-09-05 09:56:14.061892+00,231948409,Aurora
241,2026-09-05 16:32:02.028924+00,37054472,Lu2
242,2026-09-05 16:32:53.430901+00,502202531,Lu2
243,2026-09-05 16:36:48.683903+00,230328746,Lu2
244,2026-09-05 16:36:53.127492+00,504022024,Lu2
245,2026-09-05 16:39:56.785608+00,226931342,Lu2
246,2026-09-05 16:40:47.451345+00,234324854,Lu2
247,2026-09-05 16:41:08.710036+00,226926602,Lu2
248,2026-09-05 16:43:06.456896+00,226216536,Lu2
249,2026-09-05 16:46:00.727508+00,238298521,Lu2
250,2026-09-05 17:46:18.161084+00,226931280,MostachoAlbino
251,2026-09-05 18:39:36.480778+00,229730530,Marya_returns
252,2026-09-05 18:39:48.915014+00,230329484,Marya_returns
253,2026-09-05 18:41:48.376956+00,232359284,Marya_returns
254,2026-09-05 18:41:55.062345+00,228741257,Marya_returns
255,2026-09-05 18:42:06.936651+00,234618276,Marya_returns
256,2026-09-05 18:43:08.000915+00,229730120,Marya_returns
257,2026-09-05 18:43:26.622145+00,226927316,Marya_returns
258,2026-09-05 18:43:54.557824+00,233943367,Marya_returns
259,2026-09-05 18:46:33.981133+00,230329279,Marya_returns
260,2026-09-05 18:47:44.622447+00,229723170,Marya_returns
261,2026-09-05 18:47:48.203647+00,228562484,Marya_returns
262,2026-09-05 18:54:31.820817+00,495698872,Marya_returns
263,2026-09-05 18:54:42.147955+00,229723171,Marya_returns
264,2026-09-05 22:34:57.183823+00,226931470,Marya_returns
265,2026-09-06 12:27:28.634967+00,229730486,Juana
266,2026-09-06 12:49:16.80582+00,230329029,María Laso
267,2026-09-06 12:50:45.388248+00,240004624,María Laso
268,2026-09-06 13:02:29.114695+00,226926866,María Laso
269,2026-09-06 13:05:51.139517+00,226927077,María Laso
270,2026-09-06 13:07:35.208985+00,229730710,María Laso
271,2026-09-06 13:08:00.500417+00,226926985,María Laso
272,2026-09-06 13:13:29.357133+00,226931764,María Laso
273,2026-09-06 13:16:44.733634+00,228480481,María Laso
274,2026-09-06 13:24:47.298948+00,37054090,María Laso
275,2026-09-06 13:25:08.463051+00,229730572,María Laso
276,2026-09-06 13:26:16.147782+00,230327872,María Laso
277,2026-09-06 13:27:00.315065+00,229722995,María Laso
278,2026-09-06 13:27:04.046035+00,500549610,María Laso
279,2026-09-06 13:30:34.736271+00,230329833,María Laso
280,2026-09-06 13:33:06.057283+00,227382017,María Laso
281,2026-09-06 13:33:56.758177+00,226927193,María Laso
282,2026-09-06 13:34:15.118917+00,1319949001,María Laso
283,2026-09-06 13:34:34.341518+00,229741742,María Laso
284,2026-09-06 22:19:30.240417+00,236553963,Marya_returns
285,2026-09-06 22:21:33.447597+00,231509802,Marya_returns
286,2026-09-07 05:35:20.497566+00,229723005,Marya_returns
287,2026-09-07 05:35:22.846921+00,234757844,Marya_returns
288,2026-09-07 05:36:47.242413+00,232637577,Marya_returns
289,2026-09-07 05:37:29.473512+00,228741271,Marya_returns
290,2026-09-07 05:38:21.617509+00,229730048,Marya_returns
291,2026-09-07 05:39:26.789201+00,231948405,Marya_returns
292,2026-09-07 05:39:54.637979+00,238451451,Marya_returns
293,2026-09-07 05:45:08.044141+00,229730105,Marya_returns
294,2026-09-07 05:46:00.611871+00,226927220,Marya_returns
295,2026-09-07 05:46:49.276706+00,229730136,Marya_returns
296,2026-09-07 05:46:59.04184+00,226926948,Marya_returns
297,2026-09-07 05:47:13.62773+00,496682904,Marya_returns
298,2026-09-07 05:49:50.566926+00,226927138,Marya_returns
299,2026-09-07 08:11:24.197815+00,238298522,Lu3
300,2026-09-07 08:12:49.626133+00,240127999,Lu3
301,2026-09-07 17:35:28.035592+00,228633808,Mendozis
302,2026-09-07 17:44:37.975906+00,229737391,Mendozis
303,2026-09-07 17:44:52.894181+00,238450956,Mendozis
304,2026-09-07 17:49:34.475251+00,229730090,Mendozis
305,2026-09-08 17:25:24.530107+00,226926910,Mendozis
306,2026-09-08 17:38:12.80121+00,229723198,Mendozis
307,2026-09-08 17:39:16.416421+00,226926979,Mendozis